<?xml version="1.0" encoding="UTF-8" ?>
<!DOCTYPE mapper PUBLIC "-//mybatis.org//DTD Mapper 3.0//EN" "http://mybatis.org/dtd/mybatis-3-mapper.dtd">

<mapper namespace="com.pet.sseudam.dao.MemberDao">

<!-- 상담사 회원 가입 시, 해당하는 회원번호 찾기 -->
    <select id="getNumber" parameterType="member" resultType="int">
        select m_id from member where nick = #{nick}
    </select>

<!--(공통요소)회원가입-->
    <insert id="insert" parameterType="member">
        insert into member (name, email, passwd, nick, birth, tel, identifier, state, join_date, reset, profile_num) values
        (#{name}, #{email}, #{passwd}, #{nick}, #{birth}, #{tel}, #{identifier}, 1 , sysdate(), 'n', null)
    </insert>

<!--    email 중복검사-->
    <select id="emailChk" parameterType="String" resultType="member">

        select * from member where email = #{email} and state=1
    </select>

<!--    nick 중복검사-->
    <select id="nickChk" parameterType="String" resultType="member">
        select * from member where nick = #{nick} and state=1
    </select>

<!-- 로그인 -->
    <select id="userCheck" parameterType="String" resultType="member">
        select * from member where email=#{email} and state=1
    </select>

<!--ㅅ파일추가 후 다시 메인으로 돌아왔을 때의 메소드  -->
    <select id="checkFilenum" parameterType="String" resultType="member">
        select m.*, profile_name, profile_origin from member m join img_profile p
        on m.profile_num = p.profile_num
        where email = #{email} and state = 1
    </select>

<!-- 아이디 찾기 -->
    <select id="searchEmail" parameterType="member" resultType="member">
        select * from member where nick=#{nick} and state=1
    </select>

<!--비번찾기: 아이디와 이메일이 DB에 존재하는지 먼저 검사 -->
    <select id="searchPwd" parameterType="member" resultType="member">
        select * from member where email=#{email} and nick=#{nick} and state=1
    </select>

<!-- 임시비번으로 비번 업뎃, reset컬럼 y로 변경-->
    <update id="updatePwd" parameterType="member">
        update member set passwd=#{passwd}, reset='y' where email=#{email} and nick=#{nick}
        and state=1
    </update>



    <!--일반회원 정보 수정-->
    <update id="myUpdate" parameterType="member">
        update member  set
        name=#{name}, nick=#{nick}, birth=#{birth}, tel=#{tel}
        where email = #{email}

    </update>

    <!--   사진과 다른 개인 정보 같이 수정-->
    <update id="myPicUpdate" parameterType="member">
        update img_profile p inner join member m on m.profile_num = p.profile_num
        set name=#{name}, nick=#{nick}, birth=#{birth}, tel=#{tel}, profile_origin = #{profile_origin},
        profile_name =#{profile_name}
        where email = #{email}
    </update>

<!--  사진만 변경  <update id="">-->
<!--        update img_profile p inner join member m on m.profile_num = p.profile_num set-->
<!--        profile_origin = #{profile_origin},-->
<!--        profile_name =#{profile_name}-->
<!--    </update>-->

    <update id="myUpfilenum" parameterType="member">
        update member set profile_num=#{profile_num} where email=#{email}
    </update>


    <!--일반회원: 비번 변경, reset 컬럼 'n' 수정-->
    <update id="myPwUpdate" parameterType="member">
        update member set passwd=#{passwd}, reset='n' where email=#{email}
    </update>

    <!--    상담사 정보수정 - member 테이블 컬럼 변경-->
    <update id="csMyUpdate" parameterType="member">

        UPDATE member m INNER JOIN counselor c ON m.m_id = c.c_id
        SET m.name = #{name}, m.nick = #{nick}, m.birth = #{birth}, m.tel = #{tel}
        WHERE m.m_id = #{m_id}
    </update>

    <!--    상담사: 비번 변경, reset 'n'으로 수정-->
    <update id="csMyPwUpdate" parameterType="member">
        update member set passwd=#{passwd}, reset='n' where email=#{email}
    </update>



    <!--    첨부파일 번호 -->
    <select id="getMaxnum" resultType="int">
        select ifnull(max(profile_num), 0) from img_profile
    </select>

    <!--첨부파일 추가-->
    <insert id="profileAdd" parameterType="profile_board">
        insert into img_profile values(#{profile_num}, #{profile_origin}, #{profile_name})
    </insert>

    <!--    profile_num null->업데이트-->
    <update id="memProfileAdd" parameterType="member">
        UPDATE member m
        JOIN img_profile p ON m.profile_num = p.profile_num
        SET m.profile_num = p.profile_num
        WHERE m.m_id = #{m_id}
    </update>

    <!--상담사 목록 출력-->
    <select id="counselorList" parameterType="member" resultType="member">
        SELECT m.*, c.license, c.career
        FROM member AS m
        JOIN counselor AS c ON m.m_id = c.c_id
        WHERE m.identifier = 2 AND m.state = 1;
    </select>

    <!--탈퇴-->
    <delete id="deletemember" parameterType="String">
        update Member set state = 0 where email = #{email}
    </delete>


    <!-- 관리자 방문자수 통계용도 -->
    <select id="visitCheck" parameterType="visitor" resultType="int">
        SELECT COUNT(1)
        FROM VISITOR
        WHERE SESSION_ID = #{session_id}
          AND IP_ADDR    = #{ip_addr}
          AND VISIT_TIME > DATE_SUB(NOW(), INTERVAL 1 DAY);
    </select>

    <insert id="visitInsert" parameterType="visitor">
        insert into visitor (session_id, ip_addr, visit_time)
        values (#{session_id}, #{ip_addr}, now())
    </insert>


</mapper>